<?xml version='1.0' encoding='utf-8' ?>
<!DOCTYPE document SYSTEM "file:///D:/VHDL_Soft_installed/Xilinx/xc9500/data/xmlReport9k.dtd">
<document><ascFile>ADDER_SUBTRACTER_P1.rpt</ascFile><devFile>D:/VHDL_Soft_installed/Xilinx/xc9500/data/xc95108.chp</devFile><mfdFile>ADDER_SUBTRACTER_P1.mfd</mfdFile><htmlFile logo="xc9500_logo.jpg" pin_legend="pinlegend.htm" logic_legend="logiclegend.htm"/><header pkg="PC84" date=" 4- 1-2012" time="  3:19PM" speed="-7" design="ADDER_SUBTRACTER_P1" device="XC95108" status="1" eqnType="0" version="1.0" statusStr="Successful" swVersion="I.34"/><inputs id="ADD_SUB"/><pin id="FB1_MC2_PIN1" use="O" pinnum="1" signal="SUM0_SPECSIG"/><pin id="FB1_MC3_PIN2" pinnum="2"/><pin id="FB1_MC5_PIN3" pinnum="3"/><pin id="FB1_MC6_PIN4" pinnum="4"/><pin id="FB1_MC8_PIN5" pinnum="5"/><pin id="FB1_MC9_PIN6" pinnum="6"/><pin id="FB1_MC11_PIN7" pinnum="7"/><pin id="FB1_MC12_PIN9" pinnum="9"/><pin id="FB1_MC14_PIN10" pinnum="10"/><pin id="FB1_MC15_PIN11" pinnum="11"/><pin id="FB1_MC16_PIN12" pinnum="12"/><pin id="FB1_MC17_PIN13" pinnum="13"/><pin id="FB2_MC2_PIN71" use="O" pinnum="71" signal="SUM2_SPECSIG"/><pin id="FB2_MC3_PIN72" use="I" pinnum="72" signal="ADD_SUB"/><pin id="FB2_MC5_PIN74" pinnum="74"/><pin id="FB2_MC6_PIN75" pinnum="75"/><pin id="FB2_MC8_PIN76" pinnum="76"/><pin id="FB2_MC9_PIN77" pinnum="77"/><pin id="FB2_MC11_PIN79" pinnum="79"/><pin id="FB2_MC12_PIN80" pinnum="80"/><pin id="FB2_MC14_PIN81" pinnum="81"/><pin id="FB2_MC15_PIN82" pinnum="82"/><pin id="FB2_MC16_PIN83" pinnum="83"/><pin id="FB2_MC17_PIN84" pinnum="84"/><pin id="FB3_MC2_PIN14" use="O" pinnum="14" signal="SUM1_SPECSIG"/><pin id="FB3_MC3_PIN15" pinnum="15"/><pin id="FB3_MC5_PIN17" pinnum="17"/><pin id="FB3_MC6_PIN18" pinnum="18"/><pin id="FB3_MC8_PIN19" pinnum="19"/><pin id="FB3_MC9_PIN20" pinnum="20"/><pin id="FB3_MC11_PIN21" pinnum="21"/><pin id="FB3_MC12_PIN23" pinnum="23"/><pin id="FB3_MC14_PIN24" pinnum="24"/><pin id="FB3_MC15_PIN25" pinnum="25"/><pin id="FB3_MC16_PIN26" pinnum="26"/><pin id="FB3_MC17_PIN31" pinnum="31"/><pin id="FB4_MC2_PIN57" pinnum="57"/><pin id="FB4_MC3_PIN58" pinnum="58"/><pin id="FB4_MC5_PIN61" pinnum="61"/><pin id="FB4_MC6_PIN62" pinnum="62"/><pin id="FB4_MC8_PIN63" pinnum="63"/><pin id="FB4_MC9_PIN65" pinnum="65"/><pin id="FB4_MC11_PIN66" pinnum="66"/><pin id="FB4_MC12_PIN67" pinnum="67"/><pin id="FB4_MC14_PIN68" pinnum="68"/><pin id="FB4_MC15_PIN69" pinnum="69"/><pin id="FB4_MC17_PIN70" pinnum="70"/><pin id="FB5_MC2_PIN32" pinnum="32"/><pin id="FB5_MC3_PIN33" pinnum="33"/><pin id="FB5_MC5_PIN34" pinnum="34"/><pin id="FB5_MC6_PIN35" pinnum="35"/><pin id="FB5_MC8_PIN36" pinnum="36"/><pin id="FB5_MC9_PIN37" pinnum="37"/><pin id="FB5_MC11_PIN39" pinnum="39"/><pin id="FB5_MC12_PIN40" pinnum="40"/><pin id="FB5_MC14_PIN41" pinnum="41"/><pin id="FB5_MC15_PIN43" pinnum="43"/><pin id="FB5_MC17_PIN44" pinnum="44"/><pin id="FB6_MC2_PIN45" pinnum="45"/><pin id="FB6_MC3_PIN46" pinnum="46"/><pin id="FB6_MC5_PIN47" pinnum="47"/><pin id="FB6_MC6_PIN48" pinnum="48"/><pin id="FB6_MC8_PIN50" pinnum="50"/><pin id="FB6_MC9_PIN51" pinnum="51"/><pin id="FB6_MC11_PIN52" pinnum="52"/><pin id="FB6_MC12_PIN53" pinnum="53"/><pin id="FB6_MC14_PIN54" pinnum="54"/><pin id="FB6_MC15_PIN55" pinnum="55"/><pin id="FB6_MC17_PIN56" pinnum="56"/><fblock id="FB1" pinUse="1" inputUse="1"><macrocell id="FB1_MC1"/><macrocell id="FB1_MC2" pin="FB1_MC2_PIN1" sigUse="1" signal="SUM0_SPECSIG"><pterms pt1="FB1_2_1"/></macrocell><macrocell id="FB1_MC3" pin="FB1_MC3_PIN2"/><macrocell id="FB1_MC4"/><macrocell id="FB1_MC5" pin="FB1_MC5_PIN3"/><macrocell id="FB1_MC6" pin="FB1_MC6_PIN4"/><macrocell id="FB1_MC7"/><macrocell id="FB1_MC8" pin="FB1_MC8_PIN5"/><macrocell id="FB1_MC9" pin="FB1_MC9_PIN6"/><macrocell id="FB1_MC10"/><macrocell id="FB1_MC11" pin="FB1_MC11_PIN7"/><macrocell id="FB1_MC12" pin="FB1_MC12_PIN9"/><macrocell id="FB1_MC13"/><macrocell id="FB1_MC14" pin="FB1_MC14_PIN10"/><macrocell id="FB1_MC15" pin="FB1_MC15_PIN11"/><macrocell id="FB1_MC16" pin="FB1_MC16_PIN12"/><macrocell id="FB1_MC17" pin="FB1_MC17_PIN13"/><macrocell id="FB1_MC18"/><fbinput id="FB1_I1" signal="ADD_SUB"/><pterm id="FB1_2_1"><signal id="ADD_SUB"/></pterm><equation id="SUM0_SPECSIG"><d2><eq_pterm ptindx="FB1_2_1"/></d2></equation></fblock><fblock id="FB2" pinUse="2" inputUse="0"><macrocell id="FB2_MC1"/><macrocell id="FB2_MC2" pin="FB2_MC2_PIN71" sigUse="0" signal="SUM2_SPECSIG"/><macrocell id="FB2_MC3" pin="FB2_MC3_PIN72"/><macrocell id="FB2_MC4"/><macrocell id="FB2_MC5" pin="FB2_MC5_PIN74"/><macrocell id="FB2_MC6" pin="FB2_MC6_PIN75"/><macrocell id="FB2_MC7"/><macrocell id="FB2_MC8" pin="FB2_MC8_PIN76"/><macrocell id="FB2_MC9" pin="FB2_MC9_PIN77"/><macrocell id="FB2_MC10"/><macrocell id="FB2_MC11" pin="FB2_MC11_PIN79"/><macrocell id="FB2_MC12" pin="FB2_MC12_PIN80"/><macrocell id="FB2_MC13"/><macrocell id="FB2_MC14" pin="FB2_MC14_PIN81"/><macrocell id="FB2_MC15" pin="FB2_MC15_PIN82"/><macrocell id="FB2_MC16" pin="FB2_MC16_PIN83"/><macrocell id="FB2_MC17" pin="FB2_MC17_PIN84"/><macrocell id="FB2_MC18"/><equation id="SUM2_SPECSIG"><d2><eq_pterm ptindx="GND"/></d2></equation></fblock><fblock id="FB3" pinUse="1" inputUse="0"><macrocell id="FB3_MC1"/><macrocell id="FB3_MC2" pin="FB3_MC2_PIN14" sigUse="0" signal="SUM1_SPECSIG"/><macrocell id="FB3_MC3" pin="FB3_MC3_PIN15"/><macrocell id="FB3_MC4"/><macrocell id="FB3_MC5" pin="FB3_MC5_PIN17"/><macrocell id="FB3_MC6" pin="FB3_MC6_PIN18"/><macrocell id="FB3_MC7"/><macrocell id="FB3_MC8" pin="FB3_MC8_PIN19"/><macrocell id="FB3_MC9" pin="FB3_MC9_PIN20"/><macrocell id="FB3_MC10"/><macrocell id="FB3_MC11" pin="FB3_MC11_PIN21"/><macrocell id="FB3_MC12" pin="FB3_MC12_PIN23"/><macrocell id="FB3_MC13"/><macrocell id="FB3_MC14" pin="FB3_MC14_PIN24"/><macrocell id="FB3_MC15" pin="FB3_MC15_PIN25"/><macrocell id="FB3_MC16" pin="FB3_MC16_PIN26"/><macrocell id="FB3_MC17" pin="FB3_MC17_PIN31"/><macrocell id="FB3_MC18"/><equation id="SUM1_SPECSIG"><d2><eq_pterm ptindx="GND"/></d2></equation></fblock><fblock id="FB4" pinUse="0" inputUse="0"><macrocell id="FB4_MC1"/><macrocell id="FB4_MC2" pin="FB4_MC2_PIN57"/><macrocell id="FB4_MC3" pin="FB4_MC3_PIN58"/><macrocell id="FB4_MC4"/><macrocell id="FB4_MC5" pin="FB4_MC5_PIN61"/><macrocell id="FB4_MC6" pin="FB4_MC6_PIN62"/><macrocell id="FB4_MC7"/><macrocell id="FB4_MC8" pin="FB4_MC8_PIN63"/><macrocell id="FB4_MC9" pin="FB4_MC9_PIN65"/><macrocell id="FB4_MC10"/><macrocell id="FB4_MC11" pin="FB4_MC11_PIN66"/><macrocell id="FB4_MC12" pin="FB4_MC12_PIN67"/><macrocell id="FB4_MC13"/><macrocell id="FB4_MC14" pin="FB4_MC14_PIN68"/><macrocell id="FB4_MC15" pin="FB4_MC15_PIN69"/><macrocell id="FB4_MC16"/><macrocell id="FB4_MC17" pin="FB4_MC17_PIN70"/><macrocell id="FB4_MC18"/></fblock><fblock id="FB5" pinUse="0" inputUse="0"><macrocell id="FB5_MC1"/><macrocell id="FB5_MC2" pin="FB5_MC2_PIN32"/><macrocell id="FB5_MC3" pin="FB5_MC3_PIN33"/><macrocell id="FB5_MC4"/><macrocell id="FB5_MC5" pin="FB5_MC5_PIN34"/><macrocell id="FB5_MC6" pin="FB5_MC6_PIN35"/><macrocell id="FB5_MC7"/><macrocell id="FB5_MC8" pin="FB5_MC8_PIN36"/><macrocell id="FB5_MC9" pin="FB5_MC9_PIN37"/><macrocell id="FB5_MC10"/><macrocell id="FB5_MC11" pin="FB5_MC11_PIN39"/><macrocell id="FB5_MC12" pin="FB5_MC12_PIN40"/><macrocell id="FB5_MC13"/><macrocell id="FB5_MC14" pin="FB5_MC14_PIN41"/><macrocell id="FB5_MC15" pin="FB5_MC15_PIN43"/><macrocell id="FB5_MC16"/><macrocell id="FB5_MC17" pin="FB5_MC17_PIN44"/><macrocell id="FB5_MC18"/></fblock><fblock id="FB6" pinUse="0" inputUse="0"><macrocell id="FB6_MC1"/><macrocell id="FB6_MC2" pin="FB6_MC2_PIN45"/><macrocell id="FB6_MC3" pin="FB6_MC3_PIN46"/><macrocell id="FB6_MC4"/><macrocell id="FB6_MC5" pin="FB6_MC5_PIN47"/><macrocell id="FB6_MC6" pin="FB6_MC6_PIN48"/><macrocell id="FB6_MC7"/><macrocell id="FB6_MC8" pin="FB6_MC8_PIN50"/><macrocell id="FB6_MC9" pin="FB6_MC9_PIN51"/><macrocell id="FB6_MC10"/><macrocell id="FB6_MC11" pin="FB6_MC11_PIN52"/><macrocell id="FB6_MC12" pin="FB6_MC12_PIN53"/><macrocell id="FB6_MC13"/><macrocell id="FB6_MC14" pin="FB6_MC14_PIN54"/><macrocell id="FB6_MC15" pin="FB6_MC15_PIN55"/><macrocell id="FB6_MC16"/><macrocell id="FB6_MC17" pin="FB6_MC17_PIN56"/><macrocell id="FB6_MC18"/></fblock><vcc/><gnd/><messages><warning>Cpld:936 - The output buffer 'CARRYOUT_obuf' is missing an input and   will be deleted.</warning><warning>Cpld:1007 - Removing unused input(s) 'A(0)'.  The input(s) are unused   after optimization. Please verify functionality via simulation.</warning><warning>Cpld:1007 - Removing unused input(s) 'A(1)'.  The input(s) are unused   after optimization. Please verify functionality via simulation.</warning><warning>Cpld:1007 - Removing unused input(s) 'A(2)'.  The input(s) are unused   after optimization. Please verify functionality via simulation.</warning><warning>Cpld:1007 - Removing unused input(s) 'B(0)'.  The input(s) are unused   after optimization. Please verify functionality via simulation.</warning><warning>Cpld:1007 - Removing unused input(s) 'B(1)'.  The input(s) are unused   after optimization. Please verify functionality via simulation.</warning><warning>Cpld:1007 - Removing unused input(s) 'B(2)'.  The input(s) are unused   after optimization. Please verify functionality via simulation.</warning></messages><compOpts loc="ON" uim="ON" part="XC95108-7-PC84" prld="LOW" slew="FAST" mlopt="ON" power="STD" gsropt="ON" gtsopt="ON" inputs="36" keepio="OFF" pinfbk="ON" pterms="25" unused="OFF" exhaust="OFF" gclkopt="ON" wysiwyg="OFF" ignorets="OFF" localfbk="ON" optimize="SPEED"/><specSig value="SUM(0)" signal="SUM0_SPECSIG"/><specSig value="SUM(2)" signal="SUM2_SPECSIG"/><specSig value="SUM(1)" signal="SUM1_SPECSIG"/></document>
